last_update_utc_tmstp,Line,plan_plant_id,order_No,P_Code,Description,batch_NO,start_date,start_time,End_date,End_time,Planned_Quantity,base_uom,load_utc_time
2026-02-13 06:42:27,INC1,7724,910780994,83900263,H&S SHM 5.7MLX960 DAILY CLEAN IN GST FC,6042930218,2026-02-11,14:12:02,2026-02-11,18:36:36,2076,CS,2026-02-13 14:28:47
2026-02-13 06:42:27,INC1,7724,910788567,83900263,H&S SHM 5.7MLX960 DAILY CLEAN IN GST FC,6047930219,2026-02-16,16:49:08,2026-02-16,21:13:42,2076,CS,2026-02-13 14:28:47
2026-02-13 06:42:27,INC1,7724,910788598,83900263,H&S SHM 5.7MLX960 DAILY CLEAN IN GST FC,6047930217,2026-02-16,08:00:00,2026-02-16,12:24:34,2076,CS,2026-02-13 14:28:47
2026-02-13 06:42:27,INC1,7724,910781094,83900263,H&S SHM 5.7MLX960 DAILY CLEAN IN GST FC,604293021A,2026-02-11,09:47:28,2026-02-11,14:12:02,2076,CS,2026-02-13 14:28:47
2026-02-13 06:42:27,INC1,7724,910788404,83900263,H&S SHM 5.7MLX960 DAILY CLEAN IN GST FC,6047930216,2026-02-16,21:13:42,2026-02-17,01:38:16,2076,CS,2026-02-13 14:28:47
2026-02-13 06:42:27,INC1,7724,910785900,83900263,H&S SHM 5.7MLX960 DAILY CLEAN IN GST FC,6044930217,2026-02-13,14:42:16,2026-02-13,19:06:50,2076,CS,2026-02-13 14:28:47
2026-02-13 06:42:27,INC1,7724,910783428,83900263,H&S SHM 5.7MLX960 DAILY CLEAN IN GST FC,604293021C,2026-02-11,23:01:10,2026-02-12,03:25:44,2076,CS,2026-02-13 14:28:47
2026-02-13 06:42:27,INC1,7724,910783528,83900263,H&S SHM 5.7MLX960 DAILY CLEAN IN GST FC,604393021A,2026-02-12,07:50:18,2026-02-12,12:14:52,2076,CS,2026-02-13 14:28:47
2026-02-13 06:42:27,INC1,7724,910783645,80875094,H&S SHM 5.7MLX960 CHARCOAL DC IN,6044930215,2026-02-13,01:28:34,2026-02-13,05:53:08,2076,CS,2026-02-13 14:28:47
2026-02-13 06:42:27,INC1,7724,910788566,83900263,H&S SHM 5.7MLX960 DAILY CLEAN IN GST FC,6047930218,2026-02-16,12:24:34,2026-02-16,16:49:08,2076,CS,2026-02-13 14:28:47
2026-02-13 06:42:27,INC1,7724,910781098,83900263,H&S SHM 5.7MLX960 DAILY CLEAN IN GST FC,604293021B,2026-02-11,18:36:36,2026-02-11,23:01:10,2076,CS,2026-02-13 14:28:47
2026-02-13 06:42:27,INC1,7724,910785978,83900263,H&S SHM 5.7MLX960 DAILY CLEAN IN GST FC,6044930218,2026-02-13,05:53:08,2026-02-13,10:17:42,2076,CS,2026-02-13 14:28:47
2026-02-13 06:42:27,INC1,7724,910778400,83900263,H&S SHM 5.7MLX960 DAILY CLEAN IN GST FC,6041930216,2026-02-10,16:09:12,2026-02-10,20:33:46,2076,CS,2026-02-13 14:28:47
2026-02-13 06:42:27,INC1,7724,910778489,83900263,H&S SHM 5.7MLX960 DAILY CLEAN IN GST FC,6041930217,2026-02-10,20:33:46,2026-02-11,00:58:20,2076,CS,2026-02-13 14:28:47
2026-02-13 06:42:27,INC1,7724,910778523,83900263,H&S SHM 5.7MLX960 DAILY CLEAN IN GST FC,6041930215,2026-02-10,11:44:38,2026-02-10,16:09:12,2076,CS,2026-02-13 14:28:47
2026-02-13 06:42:27,INC4,7724,910783527,83900259,H&S SHM 5.7MLX1200 DAILY CLEAN IN GST FC,604393024A,2026-02-12,09:51:19,2026-02-12,14:58:44,1660,CS,2026-02-13 14:28:47
2026-02-13 06:42:27,INC4,7724,910781097,83900259,H&S SHM 5.7MLX1200 DAILY CLEAN IN GST FC,6042930247,2026-02-11,10:29:03,2026-02-11,15:36:28,1660,CS,2026-02-13 14:28:47
2026-02-13 06:42:27,INC4,7724,910781178,83900259,H&S SHM 5.7MLX1200 DAILY CLEAN IN GST FC,6041930247,2026-02-10,21:21:38,2026-02-11,10:29:03,1660,CS,2026-02-13 14:28:47
2026-02-13 06:42:27,INC4,7724,910783581,83900207,H&S SHM 5.7MLX1200 DS IN GST FC,6043930249,2026-02-13,09:13:35,2026-02-13,11:47:17,830,CS,2026-02-13 14:28:47
2026-02-13 06:42:27,INC4,7724,910783552,83900261,H&S SHM 5.7MLX 960 DS IN GST FC,6044930247,2026-02-16,09:32:25,2026-02-16,14:39:59,2076,CS,2026-02-13 14:28:47
2026-02-13 06:42:27,INC4,7724,910788717,83900262,H&S SHM 5.7MLX1200 DAILY COOL IN GST FC,6047930247,2026-02-16,17:13:42,2026-02-16,22:21:07,1660,CS,2026-02-13 14:28:47
2026-02-13 06:42:27,INC4,7724,910783650,83900261,H&S SHM 5.7MLX 960 DS IN GST FC,6044930246,2026-02-13,16:54:51,2026-02-16,09:32:25,2076,CS,2026-02-13 14:28:47
2026-02-13 06:42:27,INC4,7724,910786120,83900262,H&S SHM 5.7MLX1200 DAILY COOL IN GST FC,604393024C,2026-02-12,20:06:09,2026-02-13,09:13:34,1660,CS,2026-02-13 14:28:47
2026-02-13 06:42:27,INT2,7724,910778470,80879268,PNTN SHM 400MLX30 HS LC IN GST,6041930268,2026-02-10,04:29:31,2026-02-10,05:40:55,470,CS,2026-02-13 14:28:47
2026-02-13 06:42:27,INT2,7724,910778443,80892898,H&S SHM 300ML X30 CM IN DM EDTA,6041930263,2026-02-10,18:40:10,2026-02-10,20:44:00,625,CS,2026-02-13 14:28:47
2026-02-13 06:42:27,INC4,7724,910781093,83900259,H&S SHM 5.7MLX1200 DAILY CLEAN IN GST FC,6042930246,2026-02-11,15:36:28,2026-02-11,20:43:53,1660,CS,2026-02-13 14:28:47
2026-02-13 06:42:27,INC4,7724,910783550,83900259,H&S SHM 5.7MLX1200 DAILY CLEAN IN GST FC,6043930248,2026-02-12,14:58:44,2026-02-12,20:06:09,1660,CS,2026-02-13 14:28:47
2026-02-13 06:42:27,INC4,7724,910781046,83900259,H&S SHM 5.7MLX1200 DAILY CLEAN IN GST FC,6042930248,2026-02-11,20:43:53,2026-02-12,09:51:18,1660,CS,2026-02-13 14:28:47
2026-02-13 06:42:27,INC4,7724,910778524,83900262,H&S SHM 5.7MLX1200 DAILY COOL IN GST FC,6041930245,2026-02-10,16:14:14,2026-02-10,21:21:39,1660,CS,2026-02-13 14:28:47
2026-02-13 06:42:27,INC4,7724,910778432,83900262,H&S SHM 5.7MLX1200 DAILY COOL IN GST FC,6041930246,2026-02-10,11:06:49,2026-02-10,16:14:14,1660,CS,2026-02-13 14:28:47
2026-02-13 06:42:27,INC4,7724,910783583,83900261,H&S SHM 5.7MLX 960 DS IN GST FC,604393024B,2026-02-13,11:47:17,2026-02-13,16:54:51,2076,CS,2026-02-13 14:28:47
2026-02-13 06:42:27,INC4,7724,910788599,83900207,H&S SHM 5.7MLX1200 DS IN GST FC,6047930248,2026-02-16,14:40:00,2026-02-16,17:13:42,830,CS,2026-02-13 14:28:47
2026-02-13 06:42:27,INC1,7724,910783551,80875094,H&S SHM 5.7MLX960 CHARCOAL DC IN,6043930218,2026-02-12,16:39:26,2026-02-12,21:04:00,2076,CS,2026-02-13 14:28:47
2026-02-13 06:42:27,INC1,7724,910783617,83900263,H&S SHM 5.7MLX960 DAILY CLEAN IN GST FC,604393021B,2026-02-12,03:25:44,2026-02-12,07:50:18,2076,CS,2026-02-13 14:28:47
2026-02-13 06:42:27,INC1,7724,910783582,83900263,H&S SHM 5.7MLX960 DAILY CLEAN IN GST FC,6043930219,2026-02-12,12:14:52,2026-02-12,16:39:26,2076,CS,2026-02-13 14:28:47
2026-02-13 06:42:27,INC1,7724,910781180,83900263,H&S SHM 5.7MLX960 DAILY CLEAN IN GST FC,6042930219,2026-02-11,05:22:54,2026-02-11,09:47:28,2076,CS,2026-02-13 14:28:47
2026-02-13 06:42:27,INC1,7724,910785964,83900263,H&S SHM 5.7MLX960 DAILY CLEAN IN GST FC,6044930216,2026-02-13,10:17:42,2026-02-13,14:42:16,2076,CS,2026-02-13 14:28:47
2026-02-13 06:42:27,INC1,7724,910781174,83900263,H&S SHM 5.7MLX960 DAILY CLEAN IN GST FC,6042930217,2026-02-11,00:58:20,2026-02-11,05:22:54,2076,CS,2026-02-13 14:28:47
2026-02-13 06:42:27,INC1,7724,910778502,83900263,H&S SHM 5.7MLX960 DAILY CLEAN IN GST FC,6041930214,2026-02-10,07:20:04,2026-02-10,11:44:38,2076,CS,2026-02-13 14:28:47
2026-02-13 06:42:27,INC1,7724,910778503,83900263,H&S SHM 5.7MLX960 DAILY CLEAN IN GST FC,6041930218,2026-02-10,02:55:30,2026-02-10,07:20:04,2076,CS,2026-02-13 14:28:47
2026-02-13 06:42:27,INC1,7724,910783616,80875094,H&S SHM 5.7MLX960 CHARCOAL DC IN,6043930217,2026-02-12,21:04:00,2026-02-13,01:28:34,2076,CS,2026-02-13 14:28:47
2026-02-13 06:42:27,INT2,7724,910781080,80892904,H&S SHM 72 ML X 48 CM IN EDTA,6046930265,2026-02-11,09:00:01,2026-02-11,14:36:13,1660,CS,2026-02-13 14:28:47
2026-02-13 06:42:27,INT2,7724,910783633,80880899,H&S SHM 650ML X12 SB IN GST,604393026A,2026-02-12,18:31:47,2026-02-12,19:58:29,742,CS,2026-02-13 14:28:47
2026-02-13 06:42:27,INT2,7724,910781073,80880893,H&S SHM 180ML X 56 AHF IN GST,6042930260,2026-02-11,01:15:47,2026-02-11,03:31:39,575,CS,2026-02-13 14:28:47
2026-02-13 06:42:27,INT2,7724,910782858,83911270,H&S SHM 72ML X 48 AHF IN PCR,6042930268,2026-02-11,14:36:14,2026-02-11,20:12:26,1660,CS,2026-02-13 14:28:47
2026-02-13 06:42:27,INT2,7724,910783760,83905922,H&S SHM 625ML X12 AHF IN DMART PCR,604393026B,2026-02-12,11:15:01,2026-02-12,12:44:59,770,CS,2026-02-13 14:28:47
2026-02-13 06:42:27,INT2,7724,910783668,80879278,PNTN SHM 180MLX56 HS HFC IN GST,6043930266,2026-02-12,00:27:26,2026-02-12,02:43:18,575,CS,2026-02-13 14:28:47
2026-02-13 06:42:27,INT2,7724,910786173,80880883,H&S SHM 72ML X 48 S&S IN GST,6044930267,2026-02-13,06:01:52,2026-02-13,11:38:04,1660,CS,2026-02-13 14:28:47
2026-02-13 06:42:27,INT2,7724,910778384,80896958,H&S SHM 340ML X 30 S&S IN GST Promo 7in1,604193026A,2026-02-10,12:53:50,2026-02-10,14:20:25,570,CS,2026-02-13 14:28:47
2026-02-13 06:42:27,INT2,7724,910778397,80880896,H&S SHM 340ML X 30 SB IN GST,6041930266,2026-02-10,05:40:55,2026-02-10,07:07:30,570,CS,2026-02-13 14:28:47
2026-02-13 06:42:27,INT2,7724,910780972,80889635,PNTN SHM 180MLX56 SSC 2IN1 IN GST,6042930261,2026-02-11,22:11:33,2026-02-12,00:27:25,575,CS,2026-02-13 14:28:47
2026-02-13 06:42:27,INT2,7724,910783909,80895913,H&S SHM 650MLX12 CM 2IN1 IN GST,6043930268,2026-02-12,15:38:23,2026-02-12,17:05:05,742,CS,2026-02-13 14:28:47
2026-02-13 06:42:27,INT2,7724,910782783,80892901,H&S SHM 180ML X 56 CM IN EDTA,604193026D,2026-02-10,20:44:01,2026-02-10,22:59:53,575,CS,2026-02-13 14:28:47
2026-02-13 06:42:27,INT2,7724,910783833,80895914,H&S SHM 650MLX12 S&S 2IN1 IN GST,6043930269,2026-02-12,17:05:05,2026-02-12,18:31:47,742,CS,2026-02-13 14:28:47
2026-02-13 06:42:27,INT2,7724,910786304,83911265,H&S SHM 1000ML X8 S&S IN PCR,6044930269,2026-02-13,12:20:01,2026-02-13,13:33:56,730,CS,2026-02-13 14:28:47
2026-02-13 06:42:27,INT2,7724,910786404,80879269,PNTN SHM 90MLX48 HS LC IN GST,604393026E,2026-02-12,19:58:30,2026-02-13,00:25:38,1319,CS,2026-02-13 14:28:47
2026-02-13 06:42:27,INT2,7724,910778469,80880902,H&S SHM 340ML X 30 S&S IN GST,6041930265,2026-02-10,07:07:30,2026-02-10,10:00:40,1140,CS,2026-02-13 14:28:47
2026-02-13 06:42:27,INT2,7724,910778478,80879271,PNTN SHM 340ML X 30 HS SS IN GST,604193026B,2026-02-10,00:09:46,2026-02-10,01:36:21,570,CS,2026-02-13 14:28:47
2026-02-13 06:42:27,INT2,7724,910780980,80879289,PNTN SHM 1000ML X 8 HFC IN GST,6042930266,2026-02-11,04:44:46,2026-02-11,05:57:53,722,CS,2026-02-13 14:28:47
2026-02-13 06:42:27,INT2,7724,910786389,80880903,H&S SHM 180ML X 56 S&S IN GST,6044930266,2026-02-13,13:33:56,2026-02-13,18:05:41,1150,CS,2026-02-13 14:28:47
2026-02-13 06:42:27,INT2,7724,910786420,80880909,H&S SHM 72MLX48 S&S 2IN1 IN GST,6044930268,2026-02-13,00:25:39,2026-02-13,06:01:51,1660,CS,2026-02-13 14:28:47
2026-02-13 06:42:27,INT2,7724,910778471,80892897,H&S SHM 340ML X30 CM IN EDTA,6041930260,2026-02-12,18:00:04,2026-02-12,19:26:39,570,CS,2026-02-13 14:28:47
2026-02-13 06:42:27,INT2,7724,910783669,80879283,PNTN SHM 650ML X 12 SSC IN GST,604393026C,2026-02-12,06:25:53,2026-02-12,07:52:35,742,CS,2026-02-13 14:28:47
2026-02-13 06:42:27,INT2,7724,910783793,80879283,PNTN SHM 650ML X 12 SSC IN GST,604393026D,2026-02-12,04:59:11,2026-02-12,06:25:53,742,CS,2026-02-13 14:28:47
2026-02-13 06:42:27,INT2,7724,910779406,80880904,H&S SHM 340ML X30 AHF IN GST,604193026C,2026-02-10,14:20:25,2026-02-10,17:13:35,1140,CS,2026-02-13 14:28:47
2026-02-13 06:42:27,INT2,7724,910780947,83911270,H&S SHM 72ML X 48 AHF IN PCR,6046930266,2026-02-11,14:36:14,2026-02-11,20:12:26,1660,CS,2026-02-13 14:28:47
2026-02-13 06:42:27,INT2,7724,910782453,80892904,H&S SHM 72 ML X 48 CM IN EDTA,6042930267,2026-02-11,09:00:01,2026-02-11,14:36:13,1660,CS,2026-02-13 14:28:47
2026-02-13 06:42:27,INT2,7724,910782583,80892900,H&S SHM 180ML X 56 LF IN EDTA,6063930269,2026-02-10,22:59:54,2026-02-11,01:15:46,575,CS,2026-02-13 14:28:47
2026-02-13 06:42:27,INT2,7724,910783759,80879287,PNTN SHM 650ML X 12 HFC GST,6043930265,2026-02-12,07:52:35,2026-02-12,09:19:17,742,CS,2026-02-13 14:28:47
2026-02-13 06:42:27,INT2,7724,910780978,80879285,PNTN SHM 1000ML X 8 SSC IN GST,6042930263,2026-02-11,03:31:39,2026-02-11,04:44:46,722,CS,2026-02-13 14:28:47
2026-02-13 06:42:27,INT2,7724,910781039,80879286,PNTN SHM 1000MLX8 HFC 2IN1 GST,6042930262,2026-02-11,07:11:00,2026-02-11,08:24:07,722,CS,2026-02-13 14:28:47
2026-02-13 06:42:27,INT2,7724,910783632,80879287,PNTN SHM 650ML X 12 HFC GST,6043930264,2026-02-12,09:19:17,2026-02-12,10:45:59,742,CS,2026-02-13 14:28:47
2026-02-13 06:42:27,INT2,7724,910778442,80879274,PNTN SHM 340MLX30 HS HFC IN GST,6041930269,2026-02-10,01:36:21,2026-02-10,04:29:31,1140,CS,2026-02-13 14:28:47
2026-02-13 06:42:27,INT2,7724,910782774,83911270,H&S SHM 72ML X 48 AHF IN PCR,6049930265,2026-02-11,14:36:14,2026-02-11,20:12:26,1660,CS,2026-02-13 14:28:47
2026-02-13 06:42:27,INT2,7724,910783792,80880898,H&S SHM 650ML X12 S&S IN GST,6043930267,2026-02-12,12:44:59,2026-02-12,15:38:23,1484,CS,2026-02-13 14:28:47
2026-02-13 06:42:27,INT2,7724,910778398,80892901,H&S SHM 180ML X 56 CM IN EDTA,604193026R,2026-02-10,00:00:00,2026-02-10,23:59:00,575,CS,2026-02-13 14:28:47
2026-02-13 06:42:27,INT2,7724,910780948,80879281,PNTN SHM 200ML X 56 HS LC IN GST,6042930265,2026-02-11,20:12:26,2026-02-11,22:11:32,504,CS,2026-02-13 14:28:47
2026-02-13 06:42:27,INT2,7724,910782852,80892900,H&S SHM 180ML X 56 LF IN EDTA,604193026E,2026-02-10,22:59:54,2026-02-11,01:15:46,575,CS,2026-02-13 14:28:47
2026-02-13 06:42:27,INT2,7724,910782732,80892901,H&S SHM 180ML X 56 CM IN EDTA,6044930265,2026-02-10,20:44:01,2026-02-10,22:59:53,575,CS,2026-02-13 14:28:47
2026-02-13 06:42:27,INT2,7724,910778424,80892900,H&S SHM 180ML X 56 LF IN EDTA,6049930264,2026-02-10,22:59:54,2026-02-11,01:15:46,575,CS,2026-02-13 14:28:47
2026-02-13 06:42:27,INT2,7724,910778477,80880902,H&S SHM 340ML X 30 S&S IN GST,6041930267,2026-02-10,10:00:40,2026-02-10,12:53:50,1140,CS,2026-02-13 14:28:47
2026-02-13 06:42:27,INT2,7724,910781074,80879289,PNTN SHM 1000ML X 8 HFC IN GST,6042930264,2026-02-11,05:57:53,2026-02-11,07:11:00,722,CS,2026-02-13 14:28:47
2026-02-13 06:42:27,INT2,7724,910783819,80879288,PNTN SHM 180ML X 56 HS LT IN GST,6043930261,2026-02-12,02:43:19,2026-02-12,04:59:11,575,CS,2026-02-13 14:28:47
2026-02-13 06:42:27,INT3,7724,910788561,80841060,PNTN COND 200MLX 24 HS SS IN PC25,6047930281,2026-02-16,15:10:20,2026-02-17,11:13:40,300,CS,2026-02-13 14:28:47
2026-02-13 06:42:27,INT3,7724,910781173,80851522,PNTN COND 100MLX 24 HS HF IN AMJ25,6042930281,2026-02-11,11:55:00,2026-02-12,07:52:00,300,CS,2026-02-13 14:28:47
2026-02-13 06:42:27,INT3,7724,910781096,80851521,PNTN COND 100MLX 24 HS SS IN AMJ25,6044930280,2026-02-13,07:31:00,2026-02-13,11:13:00,300,CS,2026-02-13 14:28:47
2026-02-13 06:42:27,INT3,7724,910786182,80851521,PNTN COND 100MLX 24 HS SS IN AMJ25,6044930281,2026-02-13,11:13:00,2026-02-16,10:52:00,600,CS,2026-02-13 14:28:47
2026-02-13 06:42:27,INT3,7724,910780989,80851522,PNTN COND 100MLX 24 HS HF IN AMJ25,6043930281,2026-02-12,11:34:00,2026-02-13,07:31:00,300,CS,2026-02-13 14:28:47
2026-02-13 06:42:27,INT3,7724,910778426,80841061,PNTN COND 200MLX 24 HS HF IN PC25,6041930280,2026-02-10,11:33:20,2026-02-11,07:51:40,300,CS,2026-02-13 14:28:47
2026-02-13 06:42:27,INT3,7724,910780973,80851522,PNTN COND 100MLX 24 HS HF IN AMJ25,6043930280,2026-02-12,07:52:00,2026-02-12,11:34:00,300,CS,2026-02-13 14:28:47
2026-02-13 06:42:27,INT3,7724,910788530,80841060,PNTN COND 200MLX 24 HS SS IN PC25,6047930280,2026-02-16,10:52:00,2026-02-16,15:10:20,300,CS,2026-02-13 14:28:47
2026-02-13 06:42:27,INT3,7724,910778473,80841061,PNTN COND 200MLX 24 HS HF IN PC25,6042930280,2026-02-11,07:51:40,2026-02-11,11:55:00,300,CS,2026-02-13 14:28:47
2026-02-13 06:42:27,INT3,7724,910778387,80841061,PNTN COND 200MLX 24 HS HF IN PC25,6041930281,2026-02-10,07:30:00,2026-02-10,11:33:20,300,CS,2026-02-13 14:28:47
2026-02-13 06:42:27,INM1,7724,910701872,21453170,BC128c PN40S12 0.5C 1.15PR HS,,2026-12-28,22:50:00,2026-12-28,23:59:00,12000,KG,2026-02-13 14:28:47
2026-02-13 06:42:27,INM1,7724,910781823,21470269,BC128c PN40S12 0.5C 1.1FR HS,CI843,2026-02-11,22:50:00,2026-02-11,23:59:00,12000,KG,2026-02-13 14:28:47
2026-02-13 06:42:27,INM1,7724,910784785,21470269,BC128c PN40S12 0.5C 1.1FR HS,CI870,2026-02-12,22:50:00,2026-02-12,23:59:00,12000,KG,2026-02-13 14:28:47
2026-02-13 06:42:27,INM1,7724,910787359,21470269,BC128c PN40S12 0.5C 1.1FR HS,,2026-02-13,22:50:00,2026-02-13,23:59:00,12000,KG,2026-02-13 14:28:47
2026-02-13 06:42:27,INM1,7724,910787373,21470269,BC128c PN40S12 0.5C 1.1FR HS,,2026-02-13,22:50:00,2026-02-13,23:59:00,12000,KG,2026-02-13 14:28:47
2026-02-13 06:42:27,INM1,7724,910784745,21302239,BC162H VR5040 1.2GS PTN,CI854,2026-02-12,22:49:59,2026-02-12,23:59:59,12000,KG,2026-02-13 14:28:47
2026-02-13 06:42:27,INM1,7724,910784747,21422079,BC128o MN2513 0.5PO 0.70Vic 0.05KTN HS,CI856,2026-02-12,22:49:59,2026-02-12,23:59:59,12000,KG,2026-02-13 14:28:47
2026-02-13 06:42:27,INM1,7724,910784792,21470270,BC128c PN40S12 0.5C 0.80Vic LCV KTN HS,CI850,2026-02-12,22:50:00,2026-02-12,23:59:00,12000,KG,2026-02-13 14:28:47
2026-02-13 06:42:27,INM1,7724,910781820,21470269,BC128c PN40S12 0.5C 1.1FR HS,CI839,2026-02-11,22:50:00,2026-02-11,23:59:00,12000,KG,2026-02-13 14:28:47
2026-02-13 06:42:27,INM1,7724,910784788,21453169,BC128c PN40S05 0.5C 1.1FLM HS,CI844,2026-02-12,22:50:00,2026-02-12,23:59:00,12000,KG,2026-02-13 14:28:47
2026-02-13 06:42:27,INM1,7724,910784789,21453169,BC128c PN40S05 0.5C 1.1FLM HS,CI845,2026-02-12,22:50:00,2026-02-12,23:59:00,12000,KG,2026-02-13 14:28:47
2026-02-13 06:42:27,INM1,7724,910787372,21470269,BC128c PN40S12 0.5C 1.1FR HS,,2026-02-13,22:50:00,2026-02-13,23:59:00,12000,KG,2026-02-13 14:28:47
2026-02-13 06:42:27,INM1,7724,910787395,21470269,BC128c PN40S12 0.5C 1.1FR HS,,2026-02-13,22:50:00,2026-02-13,23:59:00,12000,KG,2026-02-13 14:28:47
2026-02-13 06:42:27,INM1,7724,910781818,21470269,BC128c PN40S12 0.5C 1.1FR HS,CI837,2026-02-11,22:50:00,2026-02-11,23:59:00,12000,KG,2026-02-13 14:28:47
2026-02-13 06:42:27,INM1,7724,910781821,21470269,BC128c PN40S12 0.5C 1.1FR HS,CI841,2026-02-11,22:50:00,2026-02-11,23:59:00,12000,KG,2026-02-13 14:28:47
2026-02-13 06:42:27,INM1,7724,910781822,21470269,BC128c PN40S12 0.5C 1.1FR HS,CI842,2026-02-11,22:50:00,2026-02-11,23:59:00,12000,KG,2026-02-13 14:28:47
2026-02-13 06:42:27,INM1,7724,910784794,21470270,BC128c PN40S12 0.5C 0.80Vic LCV KTN HS,,2026-02-12,22:50:00,2026-02-12,23:59:00,12000,KG,2026-02-13 14:28:47
2026-02-13 06:42:27,INM1,7724,910787370,21422079,BC128o MN2513 0.5PO 0.70Vic 0.05KTN HS,CI865,2026-02-13,22:49:59,2026-02-13,23:59:59,12000,KG,2026-02-13 14:28:47
2026-02-13 06:42:27,INM1,7724,910701871,21470269,BC128c PN40S12 0.5C 1.1FR HS,,2026-12-28,22:50:00,2026-12-28,23:59:00,12000,KG,2026-02-13 14:28:47
2026-02-13 06:42:27,INM1,7724,910781590,21302239,BC162H VR5040 1.2GS PTN,CI825,2026-02-11,22:50:00,2026-02-11,23:59:00,12000,KG,2026-02-13 14:28:47
2026-02-13 06:42:27,INM1,7724,910787357,21470269,BC128c PN40S12 0.5C 1.1FR HS,CI869,2026-02-13,22:50:00,2026-02-13,23:59:00,12000,KG,2026-02-13 14:28:47
2026-02-13 06:42:27,INM1,7724,910772058,21470270,BC128c PN40S12 0.5C 0.80Vic LCV KTN HS,CI849,2026-02-12,22:50:00,2026-02-12,23:59:00,12000,KG,2026-02-13 14:28:47
2026-02-13 06:42:27,INM1,7724,910781819,21470269,BC128c PN40S12 0.5C 1.1FR HS,CI838,2026-02-11,22:50:00,2026-02-11,23:59:00,12000,KG,2026-02-13 14:28:47
2026-02-13 06:42:27,INM1,7724,910781826,21302239,BC162H VR5040 1.2GS PTN,,2026-02-11,23:25:00,2026-02-11,23:59:00,6000,KG,2026-02-13 14:28:47
2026-02-13 06:42:27,INM1,7724,910787374,21470269,BC128c PN40S12 0.5C 1.1FR HS,,2026-02-13,22:50:00,2026-02-13,23:59:00,12000,KG,2026-02-13 14:28:47
2026-02-13 06:42:27,INM1,7724,910781817,21470269,BC128c PN40S12 0.5C 1.1FR HS,CI834,2026-02-11,22:50:00,2026-02-11,23:59:00,12000,KG,2026-02-13 14:28:47
2026-02-13 06:42:27,INM1,7724,910787109,21453170,BC128c PN40S12 0.5C 1.15PR HS,CI860,2026-02-12,22:49:59,2026-02-12,23:59:59,12000,KG,2026-02-13 14:28:47
2026-02-13 06:42:27,INM1,7724,909995746,21113422,BC128c MN2518 0.5C 1.05PR HS,CE316,2036-09-11,22:37:00,2036-09-11,23:47:00,12000,KG,2026-02-13 14:28:47
2026-02-13 06:42:27,INM1,7724,910784786,21470269,BC128c PN40S12 0.5C 1.1FR HS,CI867,2026-02-12,22:50:00,2026-02-12,23:59:00,12000,KG,2026-02-13 14:28:47
2026-02-13 06:42:27,INM1,7724,910784787,21470269,BC128c PN40S12 0.5C 1.1FR HS,CI868,2026-02-12,22:50:00,2026-02-12,23:59:00,12000,KG,2026-02-13 14:28:47
2026-02-13 06:42:27,INM1,7724,910784784,21470269,BC128c PN40S12 0.5C 1.1FR HS,CI862,2026-02-12,22:50:00,2026-02-12,23:59:00,12000,KG,2026-02-13 14:28:47
2026-02-13 06:42:27,INM1,7724,910784793,21470270,BC128c PN40S12 0.5C 0.80Vic LCV KTN HS,CI851,2026-02-12,22:50:00,2026-02-12,23:59:00,12000,KG,2026-02-13 14:28:47
2026-02-13 06:42:27,INM1,7724,910701868,21422079,BC128o MN2513 0.5PO 0.70Vic 0.05KTN HS,,2026-12-28,22:50:00,2026-12-28,23:59:00,12000,KG,2026-02-13 14:28:47
2026-02-13 06:42:27,INM1,7724,910781825,21470269,BC128c PN40S12 0.5C 1.1FR HS,CI861,2026-02-11,22:50:00,2026-02-11,23:59:00,12000,KG,2026-02-13 14:28:47
2026-02-13 06:42:27,INM1,7724,910701870,21470269,BC128c PN40S12 0.5C 1.1FR HS,,2026-12-28,22:50:00,2026-12-28,23:59:00,12000,KG,2026-02-13 14:28:47
2026-02-13 06:42:27,INM1,7724,910787356,21453170,BC128c PN40S12 0.5C 1.15PR HS,,2026-02-13,22:50:00,2026-02-13,23:59:00,12000,KG,2026-02-13 14:28:47
2026-02-13 06:42:27,INM1,7724,910787371,21422079,BC128o MN2513 0.5PO 0.70Vic 0.05KTN HS,CI866,2026-02-13,22:49:59,2026-02-13,23:59:59,12000,KG,2026-02-13 14:28:47
2026-02-13 06:42:27,INM1,7724,910781824,21470269,BC128c PN40S12 0.5C 1.1FR HS,CI847,2026-02-11,22:50:00,2026-02-11,23:59:00,12000,KG,2026-02-13 14:28:47
2026-02-13 06:42:27,INM1,7724,910784744,21302240,BC162H VR5040 1.2GS PTN,CI853,2026-02-12,22:49:59,2026-02-12,23:59:59,12000,KG,2026-02-13 14:28:47
2026-02-13 06:42:27,INM1,7724,910784790,21453169,BC128c PN40S05 0.5C 1.1FLM HS,CI846,2026-02-12,22:50:00,2026-02-12,23:59:00,12000,KG,2026-02-13 14:28:47
2026-02-13 06:42:27,INM2,7724,910781591,21090111,BC226MD70-29 3.0Gly 1.5TAS KTN 0.7GS PN,,2026-02-11,12:00:00,2026-02-11,23:59:00,3000,KG,2026-02-13 14:28:47
2026-02-13 06:42:27,INM2,7724,910781592,21309189,BC162H VR5042 1.2GS PTN,CI826,2026-02-11,23:08:00,2026-02-11,23:59:00,6000,KG,2026-02-13 14:28:47
2026-02-13 06:42:27,INM2,7724,910781588,21302240,BC162H VR5040 1.2GS PTN,,2026-02-11,22:57:00,2026-02-11,23:59:00,6000,KG,2026-02-13 14:28:47
2026-02-13 06:42:27,INM2,7724,910701869,21422079,BC128o MN2513 0.5PO 0.70Vic 0.05KTN HS,,2026-12-28,23:08:00,2026-12-28,23:59:00,6000,KG,2026-02-13 14:28:47
2026-02-13 06:42:27,INM2,7724,910701873,21302239,BC162H VR5040 1.2GS PTN,,2026-12-28,22:57:00,2026-12-28,23:59:00,6000,KG,2026-02-13 14:28:47
2026-02-13 06:42:27,INM2,7724,910781594,21417344,BC128o MN2508 0.5PO 0.70Vic 0.05KTN HS,CI828,2026-02-11,23:08:00,2026-02-11,23:59:00,6000,KG,2026-02-13 14:28:47
2026-02-13 06:42:27,INM2,7724,910781815,20256318,BC162C WM2500 0.8RL PTN,CI829,2026-02-11,22:57:00,2026-02-11,23:59:00,6000,KG,2026-02-13 14:28:47
2026-02-13 06:42:27,INM2,7724,910784791,21470270,BC128c PN40S12 0.5C 0.80Vic LCV KTN HS,CI848,2026-02-12,23:08:00,2026-02-12,23:59:00,6000,KG,2026-02-13 14:28:47
2026-02-13 06:42:27,INM2,7724,910781585,21090111,BC226MD70-29 3.0Gly 1.5TAS KTN 0.7GS PN,B366,2026-02-11,12:00:00,2026-02-11,23:59:00,3000,KG,2026-02-13 14:28:47
2026-02-13 06:42:27,INM2,7724,910787369,21432817,BC128o MN2515 0.5PO 0.70VicLCV HS,,2026-02-13,23:07:59,2026-02-13,23:59:59,6000,KG,2026-02-13 14:28:47
2026-02-13 06:42:27,INM2,7724,910784748,21422088,BC128o MN2507 0.5PO 1.15PR HS,CI857,2026-02-12,23:07:59,2026-02-12,23:59:59,6000,KG,2026-02-13 14:28:47
2026-02-13 06:42:27,INM2,7724,910787112,20256318,BC162C WM2500 0.8RL PTN,CI863,2026-02-12,22:56:59,2026-02-12,23:59:59,6000,KG,2026-02-13 14:28:47
2026-02-13 06:42:27,INM2,7724,910787367,21432817,BC128o MN2515 0.5PO 0.70VicLCV HS,CI864,2026-02-13,23:08:00,2026-02-13,23:59:00,6000,KG,2026-02-13 14:28:47
2026-02-13 06:42:27,INM2,7724,910784742,21309188,BC162H VR5040 1.2GS PTN,CI852,2026-02-12,22:56:59,2026-02-12,23:59:59,6000,KG,2026-02-13 14:28:47
2026-02-13 06:42:27,INM2,7724,910784746,21417344,BC128o MN2508 0.5PO 0.70Vic 0.05KTN HS,CI855,2026-02-12,23:07:59,2026-02-12,23:59:59,6000,KG,2026-02-13 14:28:47
2026-02-13 06:42:27,INM2,7724,910781593,21417345,BC128o MN2505 0.5PO 1.15PR 0.05KTN HS,CI827,2026-02-11,23:08:00,2026-02-11,23:59:00,6000,KG,2026-02-13 14:28:47
2026-02-13 06:42:27,INM2,7724,910781816,21309190,BC162H VR5042 1.2GS PTN,CI830,2026-02-11,23:08:00,2026-02-11,23:59:00,6000,KG,2026-02-13 14:28:47
2026-02-13 06:42:27,INM2,7724,910781587,21417344,BC128o MN2508 0.5PO 0.70Vic 0.05KTN HS,CI823,2026-02-11,23:08:00,2026-02-11,23:59:00,6000,KG,2026-02-13 14:28:47
2026-02-13 06:42:27,INM2,7724,910784752,21432817,BC128o MN2515 0.5PO 0.70VicLCV HS,CI858,2026-02-12,23:07:59,2026-02-12,23:59:59,6000,KG,2026-02-13 14:28:47
2026-02-13 06:42:27,INM2,7724,910784778,21422081,BC128o MN2505 0.5PO 0.70Vic 0.05KTN HS,CI859,2026-02-12,23:07:59,2026-02-12,23:59:59,6000,KG,2026-02-13 14:28:47
2026-02-13 02:41:04,INC1,7724,910785978,83900263,H&S SHM 5.7MLX960 DAILY CLEAN IN GST FC,6044930218,2026-02-13,05:53:08,2026-02-13,10:17:42,2076,CS,2026-02-13 14:28:47
2026-02-13 02:41:04,INC4,7724,910783581,83900207,H&S SHM 5.7MLX1200 DS IN GST FC,6043930249,2026-02-13,09:13:35,2026-02-13,11:47:17,830,CS,2026-02-13 14:28:47
2026-02-13 02:41:04,INC4,7724,910786120,83900262,H&S SHM 5.7MLX1200 DAILY COOL IN GST FC,604393024C,2026-02-12,20:06:09,2026-02-13,09:13:34,1660,CS,2026-02-13 14:28:47
2026-02-13 02:41:04,INT2,7724,910786173,80880883,H&S SHM 72ML X 48 S&S IN GST,6044930267,2026-02-13,06:01:52,2026-02-13,11:38:04,1660,CS,2026-02-13 14:28:47
2026-02-13 02:41:04,INT2,7724,910786304,83911265,H&S SHM 1000ML X8 S&S IN PCR,6044930269,2026-02-13,12:20:01,2026-02-13,13:33:56,730,CS,2026-02-13 14:28:47
2026-02-13 02:41:04,INT3,7724,910781096,80851521,PNTN COND 100MLX 24 HS SS IN AMJ25,6044930280,2026-02-13,07:31:00,2026-02-13,11:13:00,300,CS,2026-02-13 14:28:47
2026-02-13 02:41:04,INM1,7724,910784792,21470270,BC128c PN40S12 0.5C 0.80Vic LCV KTN HS,CI850,2026-02-12,22:50:00,2026-02-12,23:59:00,12000,KG,2026-02-13 14:28:47
2026-02-13 02:41:04,INM1,7724,910787357,21470269,BC128c PN40S12 0.5C 1.1FR HS,,2026-02-13,22:50:00,2026-02-13,23:59:00,12000,KG,2026-02-13 14:28:47
2026-02-13 02:41:04,INM1,7724,910784786,21470269,BC128c PN40S12 0.5C 1.1FR HS,,2026-02-12,22:50:00,2026-02-12,23:59:00,12000,KG,2026-02-13 14:28:47
2026-02-13 02:41:04,INM1,7724,910784787,21470269,BC128c PN40S12 0.5C 1.1FR HS,,2026-02-12,22:50:00,2026-02-12,23:59:00,12000,KG,2026-02-13 14:28:47
2026-02-12 22:41:39,INC1,7724,910783645,80875094,H&S SHM 5.7MLX960 CHARCOAL DC IN,6044930215,2026-02-13,01:28:34,2026-02-13,05:53:08,2076,CS,2026-02-13 14:28:47
2026-02-12 22:41:39,INT2,7724,910786173,80880883,H&S SHM 72ML X 48 S&S IN GST,6044930267,2026-02-13,06:01:52,2026-02-13,11:38:04,1660,CS,2026-02-13 14:28:47
2026-02-12 22:41:39,INT2,7724,910786420,80880909,H&S SHM 72MLX48 S&S 2IN1 IN GST,6044930268,2026-02-13,00:25:39,2026-02-13,06:01:51,1660,CS,2026-02-13 14:28:47
2026-02-12 22:41:39,INM1,7724,910784785,21470269,BC128c PN40S12 0.5C 1.1FR HS,CI870,2026-02-12,22:50:00,2026-02-12,23:59:00,12000,KG,2026-02-13 14:28:47
2026-02-12 22:41:39,INM1,7724,910787371,21422079,BC128o MN2513 0.5PO 0.70Vic 0.05KTN HS,CI866,2026-02-13,22:49:59,2026-02-13,23:59:59,12000,KG,2026-02-13 14:28:47
2026-02-12 19:42:23,INC1,7724,910783616,80875094,H&S SHM 5.7MLX960 CHARCOAL DC IN,6043930217,2026-02-12,21:04:00,2026-02-13,01:28:34,2076,CS,2026-02-13 14:28:47
2026-02-12 19:42:23,INC1,7724,910783645,80875094,H&S SHM 5.7MLX960 CHARCOAL DC IN,6044930215,2026-02-13,01:28:34,2026-02-13,05:53:08,2076,CS,2026-02-13 14:28:47
2026-02-12 19:42:23,INT2,7724,910786404,80879269,PNTN SHM 90MLX48 HS LC IN GST,604393026E,2026-02-12,19:58:30,2026-02-13,00:25:38,1319,CS,2026-02-13 14:28:47
2026-02-12 19:42:23,INT2,7724,910786420,80880909,H&S SHM 72MLX48 S&S 2IN1 IN GST,6044930268,2026-02-13,00:25:39,2026-02-13,06:01:51,1660,CS,2026-02-13 14:28:47
2026-02-12 19:42:23,INM1,7724,910787370,21422079,BC128o MN2513 0.5PO 0.70Vic 0.05KTN HS,CI865,2026-02-13,22:49:59,2026-02-13,23:59:59,12000,KG,2026-02-13 14:28:47
2026-02-12 19:42:23,INM1,7724,910787371,21422079,BC128o MN2513 0.5PO 0.70Vic 0.05KTN HS,CI866,2026-02-13,22:49:59,2026-02-13,23:59:59,12000,KG,2026-02-13 14:28:47
2026-02-12 18:42:20,INC1,7724,910783616,80875094,H&S SHM 5.7MLX960 CHARCOAL DC IN,6043930217,2026-02-12,21:04:00,2026-02-13,01:28:34,2076,CS,2026-02-13 14:28:47
2026-02-12 18:42:20,INC4,7724,910786120,83900262,H&S SHM 5.7MLX1200 DAILY COOL IN GST FC,604393024C,2026-02-12,20:06:09,2026-02-13,09:13:34,1660,CS,2026-02-13 14:28:47
2026-02-12 18:42:20,INT2,7724,910786420,80880909,H&S SHM 72MLX48 S&S 2IN1 IN GST,6044930268,2026-02-13,00:25:39,2026-02-13,06:01:51,1660,CS,2026-02-13 14:28:47
2026-02-12 14:42:38,INC1,7724,910783616,80875094,H&S SHM 5.7MLX960 CHARCOAL DC IN,6043930217,2026-02-12,21:04:00,2026-02-13,01:28:34,2076,CS,2026-02-13 14:28:47
2026-02-12 14:42:38,INC1,7724,910783551,80875094,H&S SHM 5.7MLX960 CHARCOAL DC IN,6043930218,2026-02-12,16:39:26,2026-02-12,21:04:00,2076,CS,2026-02-13 14:28:47
2026-02-12 14:42:38,INC4,7724,910783550,83900259,H&S SHM 5.7MLX1200 DAILY CLEAN IN GST FC,6043930248,2026-02-12,14:58:44,2026-02-12,20:06:09,1660,CS,2026-02-13 14:28:47
2026-02-12 14:42:38,INC4,7724,910786120,83900262,H&S SHM 5.7MLX1200 DAILY COOL IN GST FC,604393024C,2026-02-12,20:06:09,2026-02-13,09:13:34,1660,CS,2026-02-13 14:28:47
2026-02-12 14:42:38,INT2,7724,910786404,80879269,PNTN SHM 90MLX48 HS LC IN GST,604393026E,2026-02-12,19:58:30,2026-02-13,00:25:38,1319,CS,2026-02-13 14:28:47
2026-02-12 14:42:38,INT2,7724,910786420,80880909,H&S SHM 72MLX48 S&S 2IN1 IN GST,6044930268,2026-02-13,00:25:39,2026-02-13,06:01:51,1660,CS,2026-02-13 14:28:47
2026-02-12 14:42:38,INT2,7724,910778471,80892897,H&S SHM 340ML X30 CM IN EDTA,6041930260,2026-02-12,18:00:04,2026-02-12,19:26:39,570,CS,2026-02-13 14:28:47
2026-02-12 14:42:38,INM1,7724,910784784,21470269,BC128c PN40S12 0.5C 1.1FR HS,CI862,2026-02-12,22:50:00,2026-02-12,23:59:00,12000,KG,2026-02-13 14:28:47
2026-02-12 14:42:38,INM1,7724,910781825,21470269,BC128c PN40S12 0.5C 1.1FR HS,CI861,2026-02-11,22:50:00,2026-02-11,23:59:00,12000,KG,2026-02-13 14:28:47
2026-02-12 10:37:21,INC1,7724,910783551,80875094,H&S SHM 5.7MLX960 CHARCOAL DC IN,6043930218,2026-02-12,16:39:26,2026-02-12,21:04:00,2076,CS,2026-02-13 14:28:47
2026-02-12 10:37:21,INC1,7724,910783582,83900263,H&S SHM 5.7MLX960 DAILY CLEAN IN GST FC,6043930219,2026-02-12,12:14:52,2026-02-12,16:39:26,2076,CS,2026-02-13 14:28:47
2026-02-12 10:37:21,INC4,7724,910783550,83900259,H&S SHM 5.7MLX1200 DAILY CLEAN IN GST FC,6043930248,2026-02-12,14:58:44,2026-02-12,20:06:09,1660,CS,2026-02-13 14:28:47
2026-02-12 10:37:21,INT2,7724,910783633,80880899,H&S SHM 650ML X12 SB IN GST,604393026A,2026-02-12,18:31:47,2026-02-12,19:58:29,742,CS,2026-02-13 14:28:47
2026-02-12 10:37:21,INT2,7724,910783833,80895914,H&S SHM 650MLX12 S&S 2IN1 IN GST,6043930269,2026-02-12,17:05:05,2026-02-12,18:31:47,742,CS,2026-02-13 14:28:47
2026-02-12 10:37:21,INT2,7724,910786404,80879269,PNTN SHM 90MLX48 HS LC IN GST,604393026E,2026-02-12,19:58:30,2026-02-13,00:25:38,1319,CS,2026-02-13 14:28:47
2026-02-12 10:37:21,INT2,7724,910778471,80892897,H&S SHM 340ML X30 CM IN EDTA,6041930260,2026-02-10,17:13:35,2026-02-10,18:40:10,570,CS,2026-02-13 14:28:47
2026-02-12 10:37:21,INM1,7724,910784785,21470269,BC128c PN40S12 0.5C 1.1FR HS,,2026-02-12,22:50:00,2026-02-12,23:59:00,12000,KG,2026-02-13 14:28:47
2026-02-12 10:37:21,INM1,7724,910784792,21470270,BC128c PN40S12 0.5C 0.80Vic LCV KTN HS,,2026-02-12,22:50:00,2026-02-12,23:59:00,12000,KG,2026-02-13 14:28:47
2026-02-12 10:37:21,INM1,7724,910787370,21422079,BC128o MN2513 0.5PO 0.70Vic 0.05KTN HS,,2026-02-13,22:49:59,2026-02-13,23:59:59,12000,KG,2026-02-13 14:28:47
2026-02-12 10:37:21,INM1,7724,910787109,21453170,BC128c PN40S12 0.5C 1.15PR HS,CI860,2026-02-12,22:49:59,2026-02-12,23:59:59,12000,KG,2026-02-13 14:28:47
2026-02-12 10:37:21,INM1,7724,910784784,21470269,BC128c PN40S12 0.5C 1.1FR HS,,2026-02-12,22:50:00,2026-02-12,23:59:00,12000,KG,2026-02-13 14:28:47
2026-02-12 10:37:21,INM1,7724,910784793,21470270,BC128c PN40S12 0.5C 0.80Vic LCV KTN HS,,2026-02-12,22:50:00,2026-02-12,23:59:00,12000,KG,2026-02-13 14:28:47
2026-02-12 10:37:21,INM1,7724,910787371,21422079,BC128o MN2513 0.5PO 0.70Vic 0.05KTN HS,,2026-02-13,22:49:59,2026-02-13,23:59:59,12000,KG,2026-02-13 14:28:47
2026-02-12 10:37:21,INM1,7724,910784790,21453169,BC128c PN40S05 0.5C 1.1FLM HS,CI846,2026-02-12,22:50:00,2026-02-12,23:59:00,12000,KG,2026-02-13 14:28:47
2026-02-12 10:37:21,INM2,7724,910781585,21090111,BC226MD70-29 3.0Gly 1.5TAS KTN 0.7GS PN,B366,2026-02-11,12:00:00,2026-02-11,23:59:00,3000,KG,2026-02-13 14:28:47
2026-02-12 10:37:21,INM2,7724,910787112,20256318,BC162C WM2500 0.8RL PTN,CI863,2026-02-12,22:56:59,2026-02-12,23:59:59,6000,KG,2026-02-13 14:28:47
2026-02-12 10:37:21,INM2,7724,910787367,21432817,BC128o MN2515 0.5PO 0.70VicLCV HS,CI864,2026-02-13,23:08:00,2026-02-13,23:59:00,6000,KG,2026-02-13 14:28:47
